<?xml version="1.0" encoding="UTF-8"?>
<items>
    <item>
        <id>1</id>
        <title>ФРАНЦУЗСКОЕ ПЕЧЕНЬЕ МАКАРОН </title>
        <picture>src/image/pip.jpg</picture>
        <author>АЛЕН ДЮКАСС</author>
        <value> ДЛЯ ПЕЧЕНЬЯ:
Сахарная пудра
225 
гр
Грецкие орехи (или смесь орехов)
120 
гр
Сахар  (песок)
50 
гр
Какао-порошок
25 
гр
Пищевой краситель (красный, 1 упаковка)
10 
гр
Яичные белки
125 
гр
ДЛЯ КРЕМА:
Сливки (33% жирности)
40 
гр
Шоколад (53%, черный)
200 
гр
Молоко
200 
мл
Ореховая паста
30 
гр

</value>
    </item>
    <item>
        <id>2</id>
        <title>БЫСТРЫЙ УЖИН ОТ ШЕФА ИЗ МЕКСИКАНСКОЙ СМЕСИ</title>
        <picture>src/image/02.jpg</picture>
        <author>Шеф-Повар</author>
        <value>ДЛЯ СУПА:
Замороженная мексиканская смесь
250 
гр
Соль
по вкусу
Перец черный молотый
по вкусу
Специи сухие
по вкусу
Овощной бульон
1 
стак.
ДЛЯ ПИРОГА:
Замороженная мексиканская смесь
400 
гр
Слоёное тесто
250 
гр
Растительное масло
50 
гр
Томатная паста
3 
стол.л.
Соль
по вкусу
Перец черный молотый
по вкусу
Специи сухие
по вкусу</value>
    </item>
    <item>
        <id>3</id>
        <title>КАРТОФЕЛЬНЫЕ НЬЕКИ</title>
        <picture>src/image/03.jpg</picture>
        <author>Гордон Рамзи</author>
        <value>Картошка (крупные, запеченные или отваренные)
2 
шт.
Мягкий сыр (сыр рикотта, можно заменить густой сметаной)
50 
гр
Мука
90 
гр
Яйца
1 
шт.
Тимьян, чабрец
4 
гр
Перец черный молотый
по вкусу
Соль
по вкусу
Твёрдый сыр (пармезан)
40 
гр
Оливковое масло
3 
стол.л.
Зелёный горошек
150 
гр
Лимонная цедра
1 
стол.л.
Сливочное масло
50 
гр
</value>
    </item>
    <item>
        <id>4</id>
        <title>МАКАРОНЫ С ПЕСТО</title>
        <picture>src/image/04.jpg</picture>
        <author>Шеф-Повар</author>
        <value>МАКАРОНЫ (ПАСТА):
Пшеничная мука (210 г простой + 90 г из твердых сортов)
300 
гр
Куриные яйца
3 
шт.
Оливковое масло
25 
гр
ПЕСТО:
Оливковое масло
30 
гр
Чеснок
2 
зубч.
Кедровые орехи
3 
стол.л.
Пармезан
50 
гр
Базилик
30 
гр
Сок лайма
0.5 
чайн.л.
</value>
        </item>
    <item>
        <id>5</id>
        <title>СЕМГА НА ПАРУ</title>
        <picture>src/image/05.jpg</picture>
        <author>Шеф-Повар</author>
        <value>Сёмга (2 стейка по 200 г)
400 
гр
Болгарский перец
80 
гр
Морковь
80 
гр
Брокколи
80 
гр
Йогурт
100 
мл
Кинза, кориандр (зелень)
10 
гр
Лимонный сок
10 
мл
Оливковое масло
20 
мл
Соль
по вкусу
Специи сухие
по вкусу
</value>
        </item>
    <item>
        <id>6</id>
        <title>УТИНАЯ НОЖКА КОНФИ</title>
        <picture>src/image/06.jpg</picture>
        <author>Шеф-Повар</author>
        <value>Утиные окорочка
4 
шт.
Чеснок
6 
зубч.
Соль
1 
стол.л.
Смесь перцев горошком
1.5 
чайн.л.
Кулинарный жир (утиный жир)
500 
гр
</value>
        </item>
    <item>
        <id>7</id>
        <title>СИМИТЫ ТУРЕЦКИЕ БУБЛИКИ</title>
        <picture>src/image/07.jpg</picture>
        <author>Шеф-Повар</author>
        <value>Пшеничная мука
250 
гр
Сахар 
20 
гр
Оливковое масло
50 
гр
Вода (теплая)
120 
мл
Соль
0.5 
чайн.л.
Сухие дрожжи (инстантные)
9 
гр
Кунжут
1 
стак.
Сироп (1 ст.л. меда + вода, или патока + вода, или просто вода)
0.2 
л
</value>
        </item>
    <item>
        <id>8</id>
        <title>ТВОРОЖНЫЕ ПОНЧИКИ ВО ФРИТЮРЕ</title>
        <picture>src/image/08.jpg</picture>
        <author>Шеф-Повар</author>
        <value>Творог
180 
гр
Пшеничная мука
130 
гр
Куриные яйца
1 
шт.
Сахар 
60 
гр
Сода пищевая
2 
гр
Сахарная пудра
1 
стол.л.
Ванильный сахар
2 
гр
Растительное масло
150 
мл
</value>
        </item>
    <item>
        <id>9</id>
        <title>ПРОСТОЙ ПЕСОЧНЫЙ ПИРОГ С ЧЕРНОЙ СМОРОДИНОЙ В ДУХОВКЕ</title>
        <picture>src/image/09.jpg</picture>
        <author>Шеф-Повар</author>
        <value>Творог
180 
гр
Пшеничная мука
130 
гр
Куриные яйца
1 
шт.
Сахар 
60 
гр
Сода пищевая
2 
гр
Сахарная пудра
1 
стол.л.
Ванильный сахар
2 
гр
Растительное масло
150 
мл
</value>
        </item>
    <item>
        <id>10</id>
        <title>ПАНКЕЙКИ НА КЕФИРЕ</title>
        <picture>src/image/10.jpg</picture>
        <author>Шеф-Повар</author>
        <value> Кефир
0.5 
л
Яйца (отборной категории)
2 
шт.
Мука (стаканы 250 мл)
2 
стак.
Сахар 
2 
стол.л.
Сливочное масло
70 
гр
Сода пищевая
1 
чайн.л.
Соль
0.5 
чайн.л.
</value>
        </item>
    <item>
        <id>11</id>
        <title>ПИЦЦА В ДУХОВКЕ С КОЛБАСОЙ, СЫРОМ И ПОМИДОРАМИ</title>
        <picture>src/image/11.jpg</picture>
        <author>Шеф-Повар</author>
        <value>ДЛЯ ТЕСТА:
Мука
250 
гр
Вода
150 
мл
Сухие дрожжи
1 
чайн.л.
Соль
1 
чайн.л.
Сахар 
1 
чайн.л.
ДЛЯ НАЧИНКИ:
Копченая колбаса
200 
гр
Помидоры
250 
гр
Твёрдый сыр
100 
гр
Томатный соус
90 
гр
</value>
        </item>
    <item>
        <id>12</id>
        <title>КАБАЧКОВЫЕ ОЛАДЬИ ИЗ КАБАЧКОВ НА СКОВОРОДЕ</title>
        <picture>src/image/12.jpg</picture>
        <author>Повар 1000 рецептов</author>
        <value>Кабачки
500 
гр
Яйца
1 
шт.
Мука
3 
стол.л.
Соль
по вкусу
ДЛЯ ЖАРКИ:
Растительное масло
2 
стол.л.
</value>
        </item>
    <item>
        <id>13</id>
        <title>СКУМБРИЯ НА МАНГАЛЕ НА РЕШЕТКЕ НА УГЛЯХ В ФОЛЬГЕ ЗАПЕЧЕННАЯ</title>
        <picture>src/image/13.jpg</picture>
        <author>Повар</author>
        <value>Скумбрия
250 
гр
Лимоны
1 
шт.
Соль
по вкусу
Растительное масло
70 
мл
Перец острый молотый
0.5 
чайн.л.
</value>
        </item>
    <item>
        <id>14</id>
        <title>ЛАГМАН ИЗ ГОВЯДИНЫ</title>
        <picture>src/image/14.jpg</picture>
        <author>Шеф-Повар</author>
        <value>ДЛЯ ЛАПШИ:
Мука
250 
гр
Яйца
1 
шт.
Вода
100 
мл
Растительное масло
1.5 
стол.л.
Соль
по вкусу
ДЛЯ МЯСА:
Соль
по вкусу
Говядина
600 
гр
Болгарский перец
1 
шт.
Морковь
1 
шт.
Лук репчатый
1 
шт.
Помидоры
2 
шт.
Чеснок
2 
зубч.
Сельдерей
по вкусу
Перец
по вкусу
Специи сухие
по вкусу
Зелень
по вкусу
</value>
        </item>
    <item>
        <id>15</id>
        <title>ЛАЗАНЬЯ КЛАССИЧЕСКАЯ С ФАРШЕМ В ДУХОВКЕ ПРОСТАЯ</title>
        <picture>src/image/15.jpg</picture>
        <author>Повар</author>
        <value>ОСНОВНОЕ:
Фарш мясной
800 
гр
Помидоры
2 
шт.
Лук (небольшой)
2 
шт.
Листы лазаньи (8-10 штук)
10 
шт.
Чеснок
2 
зубч.
Томатная паста
2 
стол.л.
Твёрдый сыр
100 
гр
Растительное масло
1 
стол.л.
Соль
по вкусу
ДЛЯ СОУСА:
Сливочное масло
50 
гр
Молоко
600 
мл
Мука (без горки)
5 
стол.л.
Душистый перец
по вкусу
</value>
        </item> 
</items>